,createdAtBlockNumber,createdAtTimestamp,id,reserve0,reserve1,reserveETH,reserveUSD,totalSupply,txCount,reserve00,reserve11,token0.id,token0.name,token0.symbol,token0.totalLiquidity,token0.txCount,token1.id,token1.name,token1.symbol,token1.totalLiquidity,token1.txCount,token00.id,token00.name,token00.symbol,token00.totalLiquidity,token00.txCount,token11.id,token11.name,token11.symbol,token11.totalLiquidity,token11.txCount
0,20011236,2024-6-3,0xa1057899dbe0890bbe6b4b6836fef4cc1fdac0b3,700000000.0,10.01,10.01,38148.20808813914,2.647073856166464,1,700000000.0,10.01,0x8115def7d6ab9ab41ef618febcccf26ee9a54e8b,PEPEWIF,PEPEWIF,700000000.0,1,0xc02aaa39b223fe8d0a0e5c4f27ead9083c756cc2,Wrapped Ether,WETH,294794.58866266353,168239169,0x8115def7d6ab9ab41ef618febcccf26ee9a54e8b,PEPEWIF,PEPEWIF,700000000.0,1,0xc02aaa39b223fe8d0a0e5c4f27ead9083c756cc2,Wrapped Ether,WETH,294794.58866266353,168239169
1,20011221,2024-6-3,0xae9372c042320e9dc6291ec301a7d77988141e08,1.5e-15,6.51e-07,1.5e-15,5.8689e-12,0.0,25,6.51e-07,1.5e-15,0xc02aaa39b223fe8d0a0e5c4f27ead9083c756cc2,Wrapped Ether,WETH,294794.58866266353,168239169,0xc63d2c6d2a2eec2f0e6190d632e35af836887488,Punch,PUNCH ,6.51e-07,25,0xc63d2c6d2a2eec2f0e6190d632e35af836887488,Punch,PUNCH ,6.51e-07,25,0xc02aaa39b223fe8d0a0e5c4f27ead9083c756cc2,Wrapped Ether,WETH,294794.58866266353,168239169
2,20011185,2024-6-3,0x7f5bfa55f183e540a16adc24dcb0108add3a80bc,6.959207873455183,68539701939.54744,13.918415746910364,53036.97840220575,21.77950757019084,92,68539701939.54744,6.959207873455183,0xc02aaa39b223fe8d0a0e5c4f27ead9083c756cc2,Wrapped Ether,WETH,294794.58866266353,168239169,0xc0d24067443bfc8215463c19ddfd03e1c9f89dce,Wall Street Pepe,WSP,68539701939.54744,92,0xc0d24067443bfc8215463c19ddfd03e1c9f89dce,Wall Street Pepe,WSP,68539701939.54744,92,0xc02aaa39b223fe8d0a0e5c4f27ead9083c756cc2,Wrapped Ether,WETH,294794.58866266353,168239169
3,20011172,2024-6-3,0x41b0187b816d8232cafc6a7cbb20dad8a9f97660,6.505718894673287,3900120176.4820576,13.011437789346571,49584.719089176935,4.9717793595452315,280,3900120176.4820576,6.505718894673287,0xc02aaa39b223fe8d0a0e5c4f27ead9083c756cc2,Wrapped Ether,WETH,294794.58866266353,168239169,0xdda2b124d02e7052219c9b5fc32e7b3e43ab817b,Elected Trump Fans,ETF,3900120176.4820576,280,0xdda2b124d02e7052219c9b5fc32e7b3e43ab817b,Elected Trump Fans,ETF,3900120176.4820576,280,0xc02aaa39b223fe8d0a0e5c4f27ead9083c756cc2,Wrapped Ether,WETH,294794.58866266353,168239169
4,20011170,2024-6-3,0xf3c8a1f9a3bcf2e3194337f965dede33f56206b4,0.0,0.0,0.0,0.0,0.0,0,0.0,0.0,0x3c33096e31d39e7169abbc181c716f910b9998af,Next24 AI,N24AI,0.0,0,0xc02aaa39b223fe8d0a0e5c4f27ead9083c756cc2,Wrapped Ether,WETH,294794.58866266353,168239169,0x3c33096e31d39e7169abbc181c716f910b9998af,Next24 AI,N24AI,0.0,0,0xc02aaa39b223fe8d0a0e5c4f27ead9083c756cc2,Wrapped Ether,WETH,294794.58866266353,168239169
5,20011157,2024-6-3,0x45f978b09840400920d28354fe4a608d33e03c2a,195501634923.30325,2.160607908778444,4.321215817556888,16467.58370726447,20.510728899773405,45,195501634923.30325,2.160607908778444,0xad5d6ef4ccd4b00a35a1c986f19c05b19bb13693,YEP,YEP,195501634923.30325,45,0xc02aaa39b223fe8d0a0e5c4f27ead9083c756cc2,Wrapped Ether,WETH,294794.58866266353,168239169,0xad5d6ef4ccd4b00a35a1c986f19c05b19bb13693,YEP,YEP,195501634923.30325,45,0xc02aaa39b223fe8d0a0e5c4f27ead9083c756cc2,Wrapped Ether,WETH,294794.58866266353,168239169
6,20011140,2024-6-3,0xd84b2c4477badee669dfc64cfb828c71be4e1924,1000000000.0,1.0000593203503785,1.0000593203503785,3812.400174748894,31622.776601683796,3,1000000000.0,1.0000593203503785,0x50e00438d51573f4da90f33216a5b1d2190e6b14,TrumpStop,TME,1000000000.0,3,0xc02aaa39b223fe8d0a0e5c4f27ead9083c756cc2,Wrapped Ether,WETH,294794.58866266353,168239169,0x50e00438d51573f4da90f33216a5b1d2190e6b14,TrumpStop,TME,1000000000.0,3,0xc02aaa39b223fe8d0a0e5c4f27ead9083c756cc2,Wrapped Ether,WETH,294794.58866266353,168239169
7,20011056,2024-6-3,0xb099167dfbd7a4f5440664c5eb872c5d4263defa,0.0,0.0,0.0,0.0,0.0,0,0.0,0.0,0xb9071aa3709635595ec9742e4c9cbb30c45e68a9,PenTa Ai,PTAI,0.0,0,0xc02aaa39b223fe8d0a0e5c4f27ead9083c756cc2,Wrapped Ether,WETH,294794.58866266353,168239169,0xb9071aa3709635595ec9742e4c9cbb30c45e68a9,PenTa Ai,PTAI,0.0,0,0xc02aaa39b223fe8d0a0e5c4f27ead9083c756cc2,Wrapped Ether,WETH,294794.58866266353,168239169
8,20011052,2024-6-3,0x159b5f55d55d77d6a761496b3a69bf8f0072042c,1e-15,9.77e-07,2e-15,7.824e-12,0.0,20,9.77e-07,1e-15,0xc02aaa39b223fe8d0a0e5c4f27ead9083c756cc2,Wrapped Ether,WETH,294794.58866266353,168239169,0xf15c5115efac1609860526a6a7aa15313aaf7e8d,MOGA,MOGA,9.77e-07,20,0xf15c5115efac1609860526a6a7aa15313aaf7e8d,MOGA,MOGA,9.77e-07,20,0xc02aaa39b223fe8d0a0e5c4f27ead9083c756cc2,Wrapped Ether,WETH,294794.58866266353,168239169
9,20011013,2024-6-3,0x64f2d1d28961855a02d534b09427a24b085d39cb,894462831.5326295,22.367329466090915,44.73465893218183,170465.5543285524,4.472135954999578,42,894462831.5326295,22.367329466090915,0x35d442720a40b276ea8032542edc8c9b4e318949,RONELDO@ERC7660,RONELDO,894462831.5326295,42,0xc02aaa39b223fe8d0a0e5c4f27ead9083c756cc2,Wrapped Ether,WETH,294794.58866266353,168239169,0x35d442720a40b276ea8032542edc8c9b4e318949,RONELDO@ERC7660,RONELDO,894462831.5326295,42,0xc02aaa39b223fe8d0a0e5c4f27ead9083c756cc2,Wrapped Ether,WETH,294794.58866266353,168239169
10,20011003,2024-6-3,0x425a516d731374b3f0bc436625a8ebd963259541,16772419.391810767,4.086626299057382,8.173252598114765,31157.648384371096,8236.133801730031,57,16772419.391810767,4.086626299057382,0xab58098e6b4c92a5638b52ec7b72176fba22663c,roaring kitty in a gamestop world,REKT,16772419.391810767,57,0xc02aaa39b223fe8d0a0e5c4f27ead9083c756cc2,Wrapped Ether,WETH,294794.58866266353,168239169,0xab58098e6b4c92a5638b52ec7b72176fba22663c,roaring kitty in a gamestop world,REKT,16772419.391810767,57,0xc02aaa39b223fe8d0a0e5c4f27ead9083c756cc2,Wrapped Ether,WETH,294794.58866266353,168239169
11,20010993,2024-6-3,0x653086a0f0906bc6358177f1d04251124c701c49,3180210.484638122,0.0,0.0,3.8e-15,0.0,5,3180210.484638122,0.0,0x21803dd53d5d63dbf90676ab15b93da42cb321d7,Roaring Trump,ROARTRUMP,3180210.484638122,5,0xc02aaa39b223fe8d0a0e5c4f27ead9083c756cc2,Wrapped Ether,WETH,294794.58866266353,168239169,0x21803dd53d5d63dbf90676ab15b93da42cb321d7,Roaring Trump,ROARTRUMP,3180210.484638122,5,0xc02aaa39b223fe8d0a0e5c4f27ead9083c756cc2,Wrapped Ether,WETH,294794.58866266353,168239169
12,20010958,2024-6-3,0x98c4057d38b778173408d0c0f0840b6612bf857a,112717129386.9654,2.9071482331770926,5.814296466354185,22157.844591059828,17.782893465350345,375,112717129386.9654,2.9071482331770926,0x7f04d8b87373d835f9ab0adfeb93be3c0c4dd116,Roaring Kitty,KITTY,112717129386.9654,375,0xc02aaa39b223fe8d0a0e5c4f27ead9083c756cc2,Wrapped Ether,WETH,294794.58866266353,168239169,0x7f04d8b87373d835f9ab0adfeb93be3c0c4dd116,Roaring Kitty,KITTY,112717129386.9654,375,0xc02aaa39b223fe8d0a0e5c4f27ead9083c756cc2,Wrapped Ether,WETH,294794.58866266353,168239169
13,20010952,2024-6-3,0x395df6d504fd138b1d41a16e433390a9137738dc,4256416336.480373,11.752747821763226,23.50549564352645,89617.17780870816,223606.79774997896,51,4256416336.480373,11.752747821763226,0xb2832e3db73279abca71e939ccd8ae5fe2064765,Roaring Trump,TRUMPEOW,4256416336.480373,51,0xc02aaa39b223fe8d0a0e5c4f27ead9083c756cc2,Wrapped Ether,WETH,294794.58866266353,168239169,0xb2832e3db73279abca71e939ccd8ae5fe2064765,Roaring Trump,TRUMPEOW,4256416336.480373,51,0xc02aaa39b223fe8d0a0e5c4f27ead9083c756cc2,Wrapped Ether,WETH,294794.58866266353,168239169
14,20010905,2024-6-3,0xacf57523eb51f432243b5b2ceb5d8e1bd355ffa8,706299208.6785058,21.2666200549417,42.5332401098834,162171.66523288944,3.872983346207416,34,706299208.6785058,21.2666200549417,0x0567a5f5c1aaeee03ced7e4594aec2221d3fb9ef,CHECKS,CHECKS,706299208.6785058,34,0xc02aaa39b223fe8d0a0e5c4f27ead9083c756cc2,Wrapped Ether,WETH,294794.58866266353,168239169,0x0567a5f5c1aaeee03ced7e4594aec2221d3fb9ef,CHECKS,CHECKS,706299208.6785058,34,0xc02aaa39b223fe8d0a0e5c4f27ead9083c756cc2,Wrapped Ether,WETH,294794.58866266353,168239169
15,20010879,2024-6-3,0xd329db938b0e808750ca0d0abf7f8693eb67887a,1.0057109238364584e+16,6.40376868451e-05,6.40376868451e-05,0.2441792037012128,25.12041002850073,57,1.0057109238364584e+16,6.40376868451e-05,0x440e6ca1779977b4d225b266262a9e75ce31a0b4,GameStop2.0,GME2.0,1.0057109238364584e+16,57,0xc02aaa39b223fe8d0a0e5c4f27ead9083c756cc2,Wrapped Ether,WETH,294794.58866266353,168239169,0x440e6ca1779977b4d225b266262a9e75ce31a0b4,GameStop2.0,GME2.0,1.0057109238364584e+16,57,0xc02aaa39b223fe8d0a0e5c4f27ead9083c756cc2,Wrapped Ether,WETH,294794.58866266353,168239169
16,20010879,2024-6-3,0x5de22db7ad8a5fa414027fed6d3838fb4626fb18,401529640094442.3,0.5130341382866986,0.5130341382866986,1955.945163948536,14317821.063276352,7,401529640094442.3,0.5130341382866986,0x290ee7e48b499c77f017669356f38f72a8b98639,PEPE GO TO MOON,PEPEMOON,401529640094442.3,7,0xc02aaa39b223fe8d0a0e5c4f27ead9083c756cc2,Wrapped Ether,WETH,294794.58866266353,168239169,0x290ee7e48b499c77f017669356f38f72a8b98639,PEPE GO TO MOON,PEPEMOON,401529640094442.3,7,0xc02aaa39b223fe8d0a0e5c4f27ead9083c756cc2,Wrapped Ether,WETH,294794.58866266353,168239169
17,20010859,2024-6-3,0xda1d6181ee8ba717054d15c7d8dbbf27d3ecd639,711017297.3450433,20.075053124702553,40.150106249405106,153060.69146945904,3.776175313726839,33,711017297.3450433,20.075053124702553,0x18410adee1f979772bf68117eb66ede8f220e98c,GAZA,GAZA,711017297.3450433,33,0xc02aaa39b223fe8d0a0e5c4f27ead9083c756cc2,Wrapped Ether,WETH,294794.58866266353,168239169,0x18410adee1f979772bf68117eb66ede8f220e98c,GAZA,GAZA,711017297.3450433,33,0xc02aaa39b223fe8d0a0e5c4f27ead9083c756cc2,Wrapped Ether,WETH,294794.58866266353,168239169
18,20010851,2024-6-3,0xcf60045f5067289ec0bd3639e8876bad0327c341,45484543.28258613,16.27584753683313,32.55169507366626,124107.66070160067,27175.816455076376,43,45484543.28258613,16.27584753683313,0xb80a0407e2b25dc07d68797d7363548b949a149c,CGLPhone,CGL,45484543.28258613,43,0xc02aaa39b223fe8d0a0e5c4f27ead9083c756cc2,Wrapped Ether,WETH,294794.58866266353,168239169,0xb80a0407e2b25dc07d68797d7363548b949a149c,CGLPhone,CGL,45484543.28258613,43,0xc02aaa39b223fe8d0a0e5c4f27ead9083c756cc2,Wrapped Ether,WETH,294794.58866266353,168239169
19,20010838,2024-6-3,0x33287dabdc3a1a383c17949cb54f2cf5e3d8fad9,135098939.15023574,3.5326255722725066,7.065251144545013,26925.07132671178,0.6829795545988171,347,135098939.15023574,3.5326255722725066,0x40a0854beff26112fe11d78b6a81da483507435a,PEPE WEIRD,PEPEW,135098939.15023574,347,0xc02aaa39b223fe8d0a0e5c4f27ead9083c756cc2,Wrapped Ether,WETH,294794.58866266353,168239169,0x40a0854beff26112fe11d78b6a81da483507435a,PEPE WEIRD,PEPEW,135098939.15023574,347,0xc02aaa39b223fe8d0a0e5c4f27ead9083c756cc2,Wrapped Ether,WETH,294794.58866266353,168239169
20,20010829,2024-6-3,0x4cb71216debc29a551775e40877c84400efe821c,0.0,0.0,0.0,0.0,0.0,0,0.0,0.0,0xa4f9295227d098cf4803b75876519eb1db69f602,PEPEGirl,PEPEGirl,0.0,0,0xc02aaa39b223fe8d0a0e5c4f27ead9083c756cc2,Wrapped Ether,WETH,294794.58866266353,168239169,0xa4f9295227d098cf4803b75876519eb1db69f602,PEPEGirl,PEPEGirl,0.0,0,0xc02aaa39b223fe8d0a0e5c4f27ead9083c756cc2,Wrapped Ether,WETH,294794.58866266353,168239169
21,20010817,2024-6-3,0x143044edeaff52e2a1bcbd951560ad79369a67ab,0.0,0.000209563,0.0,3.81e-14,0.0,34,0.000209563,0.0,0xc02aaa39b223fe8d0a0e5c4f27ead9083c756cc2,Wrapped Ether,WETH,294794.58866266353,168239169,0xd154f1f2f5fbab97c848e2f90491555be987390e,Brett,BRETT,0.000209563,34,0xd154f1f2f5fbab97c848e2f90491555be987390e,Brett,BRETT,0.000209563,34,0xc02aaa39b223fe8d0a0e5c4f27ead9083c756cc2,Wrapped Ether,WETH,294794.58866266353,168239169
22,20010806,2024-6-3,0x2cc6e8d23b7ba2a9270502836e97dc93fe3479aa,3928528853.6424656,79.67069527195807,159.34139054391613,607251.6007515244,550454.3577809153,151,3928528853.6424656,79.67069527195807,0xb9dd0cb2d8526e6efd24a7684f51cb9f93a37df9,GameStop,GME,3928528853.6424656,151,0xc02aaa39b223fe8d0a0e5c4f27ead9083c756cc2,Wrapped Ether,WETH,294794.58866266353,168239169,0xb9dd0cb2d8526e6efd24a7684f51cb9f93a37df9,GameStop,GME,3928528853.6424656,151,0xc02aaa39b223fe8d0a0e5c4f27ead9083c756cc2,Wrapped Ether,WETH,294794.58866266353,168239169
23,20010790,2024-6-3,0xc2a06a187fbf2a601f5bfc504aa8618f79fa7ffc,0.0,0.0,0.0,0.0,0.0,0,0.0,0.0,0x737c2c7c92d0d69d1d728397fb75ae88abc5b462,GanjaCoin,Ganja,0.0,0,0xc02aaa39b223fe8d0a0e5c4f27ead9083c756cc2,Wrapped Ether,WETH,294794.58866266353,168239169,0x737c2c7c92d0d69d1d728397fb75ae88abc5b462,GanjaCoin,Ganja,0.0,0,0xc02aaa39b223fe8d0a0e5c4f27ead9083c756cc2,Wrapped Ether,WETH,294794.58866266353,168239169
24,20010766,2024-6-3,0x80d03adf23f0328d729d2630d31facdc5f802b88,725876924.1273683,27.600059663247286,55.20011932649457,210450.72518293755,141421.3562373095,48,725876924.1273683,27.600059663247286,0x3db047603337ffa64ee57594ae522e2467c54d00,Super Maga,SMAGA,725876924.1273683,48,0xc02aaa39b223fe8d0a0e5c4f27ead9083c756cc2,Wrapped Ether,WETH,294794.58866266353,168239169,0x3db047603337ffa64ee57594ae522e2467c54d00,Super Maga,SMAGA,725876924.1273683,48,0xc02aaa39b223fe8d0a0e5c4f27ead9083c756cc2,Wrapped Ether,WETH,294794.58866266353,168239169
25,20010742,2024-6-3,0x18951288d097762644338a76e7dcd2db8e7dfec3,3.5754619046153047,343870694.4822389,7.150923809230609,27254.973207768,34960.69221282668,38,343870694.4822389,3.5754619046153047,0xc02aaa39b223fe8d0a0e5c4f27ead9083c756cc2,Wrapped Ether,WETH,294794.58866266353,168239169,0xeaa7a52503467fb6837ea15bb4cd525f5221c145,The GameStop Bunny,BUCK,343870694.4822389,38,0xeaa7a52503467fb6837ea15bb4cd525f5221c145,The GameStop Bunny,BUCK,343870694.4822389,38,0xc02aaa39b223fe8d0a0e5c4f27ead9083c756cc2,Wrapped Ether,WETH,294794.58866266353,168239169
26,20010731,2024-6-3,0x87c4da04ff4b30d3b0c64527f33a6c7459330aa4,1.7575e-05,0.0,0.0,2.176e-13,0.0,7,1.7575e-05,0.0,0x1a428951779c831886360310e58a5d361294a487,Gamestop 2.0,GME2,1.7575e-05,7,0xc02aaa39b223fe8d0a0e5c4f27ead9083c756cc2,Wrapped Ether,WETH,294794.58866266353,168239169,0x1a428951779c831886360310e58a5d361294a487,Gamestop 2.0,GME2,1.7575e-05,7,0xc02aaa39b223fe8d0a0e5c4f27ead9083c756cc2,Wrapped Ether,WETH,294794.58866266353,168239169
27,20010726,2024-6-3,0xee9757a3060aaaacf540ad8f2def64fcc13052a6,349370310.9261928,4.059823705232077,8.119647410464154,30945.420876479253,1.1849050594878887,143,349370310.9261928,4.059823705232077,0x885fbf5dca75601ac32c2e7b57022bb034a2e82d,Apu's GF,ASPIE,349370310.9261928,143,0xc02aaa39b223fe8d0a0e5c4f27ead9083c756cc2,Wrapped Ether,WETH,294794.58866266353,168239169,0x885fbf5dca75601ac32c2e7b57022bb034a2e82d,Apu's GF,ASPIE,349370310.9261928,143,0xc02aaa39b223fe8d0a0e5c4f27ead9083c756cc2,Wrapped Ether,WETH,294794.58866266353,168239169
28,20010723,2024-6-3,0x84ce535422b74be3658ce6049b3f0e8c3d82f1dc,709581999.8773941,28.235322009746547,56.47064401949309,215436.21730563985,141421.3562373095,45,709581999.8773941,28.235322009746547,0xb986289335b72d9079f95f2260cdabef6ae33962,Fresco,FRESCO,709581999.8773941,45,0xc02aaa39b223fe8d0a0e5c4f27ead9083c756cc2,Wrapped Ether,WETH,294794.58866266353,168239169,0xb986289335b72d9079f95f2260cdabef6ae33962,Fresco,FRESCO,709581999.8773941,45,0xc02aaa39b223fe8d0a0e5c4f27ead9083c756cc2,Wrapped Ether,WETH,294794.58866266353,168239169
29,20010700,2024-6-3,0x209e55619a56bee9085d10abdf8dc21eaafce54f,0.000321669,0.0,0.0,3.05e-14,0.0,23,0.000321669,0.0,0x626fc4bb77fe08ddad62b4a9bec0f860202c6969,Groyd,GROYD,0.000321669,23,0xc02aaa39b223fe8d0a0e5c4f27ead9083c756cc2,Wrapped Ether,WETH,294794.58866266353,168239169,0x626fc4bb77fe08ddad62b4a9bec0f860202c6969,Groyd,GROYD,0.000321669,23,0xc02aaa39b223fe8d0a0e5c4f27ead9083c756cc2,Wrapped Ether,WETH,294794.58866266353,168239169
30,20010689,2024-6-3,0xfc590bf94209bbc3441b5a4941742853156ef489,5.433e-06,1e-16,3e-16,1.4135e-12,0.0,26,5.433e-06,1e-16,0x22d37024f5de63aaf35cc7a97e883f17251ebabb,frog,pepe,5.433e-06,26,0xc02aaa39b223fe8d0a0e5c4f27ead9083c756cc2,Wrapped Ether,WETH,294794.58866266353,168239169,0x22d37024f5de63aaf35cc7a97e883f17251ebabb,frog,pepe,5.433e-06,26,0xc02aaa39b223fe8d0a0e5c4f27ead9083c756cc2,Wrapped Ether,WETH,294794.58866266353,168239169
31,20010660,2024-6-3,0xdc838a9702d69d6f1815bcee4b2e819d2bf001f1,2.006e-06,5e-16,1e-15,3.8302e-12,0.0,30,2.006e-06,5e-16,0x09c258ed04f823bf5e43c92618895964211e5873,GAMESTOP SWAP,GAMESTOP,2.006e-06,30,0xc02aaa39b223fe8d0a0e5c4f27ead9083c756cc2,Wrapped Ether,WETH,294794.58866266353,168239169,0x09c258ed04f823bf5e43c92618895964211e5873,GAMESTOP SWAP,GAMESTOP,2.006e-06,30,0xc02aaa39b223fe8d0a0e5c4f27ead9083c756cc2,Wrapped Ether,WETH,294794.58866266353,168239169
32,20010640,2024-6-3,0x4d6548b191886d291b4177103825e19f1b7090bf,3346477.615540799,3.303483370963789,6.606966741927578,25179.69933544297,0.1048166093708425,129,3346477.615540799,3.303483370963789,0x016a4f8fb0357c7496996a6845b2e543617f1536,Predictix Ai,PAIX,3346477.615540799,129,0xc02aaa39b223fe8d0a0e5c4f27ead9083c756cc2,Wrapped Ether,WETH,294794.58866266353,168239169,0x016a4f8fb0357c7496996a6845b2e543617f1536,Predictix Ai,PAIX,3346477.615540799,129,0xc02aaa39b223fe8d0a0e5c4f27ead9083c756cc2,Wrapped Ether,WETH,294794.58866266353,168239169
33,20010635,2024-6-3,0xc0ee570247e11cc66c7cccd9897d6a9989a3d93f,4780644063.904543,1.7297193831550386,3.459438766310077,13182.403979653336,0.8944271909999147,368,4780644063.904543,1.7297193831550386,0x4f339edebf07db5a89448ffc815b639250830eb2,Roaring Doge,ROARDOGE,4780644063.904543,368,0xc02aaa39b223fe8d0a0e5c4f27ead9083c756cc2,Wrapped Ether,WETH,294794.58866266353,168239169,0x4f339edebf07db5a89448ffc815b639250830eb2,Roaring Doge,ROARDOGE,4780644063.904543,368,0xc02aaa39b223fe8d0a0e5c4f27ead9083c756cc2,Wrapped Ether,WETH,294794.58866266353,168239169
34,20010617,2024-6-3,0xa36db1f593a6300ecd55a8467b438385623e91b1,3.2336516551485377,318577578.88440853,6.467303310297075,24645.25853315304,32078.02986469088,12,318577578.88440853,3.2336516551485377,0xc02aaa39b223fe8d0a0e5c4f27ead9083c756cc2,Wrapped Ether,WETH,294794.58866266353,168239169,0xc56373599b4676af44c8af5a8e963639afb642a6,MLM.gg,MLM,318577578.88440853,12,0xc56373599b4676af44c8af5a8e963639afb642a6,MLM.gg,MLM,318577578.88440853,12,0xc02aaa39b223fe8d0a0e5c4f27ead9083c756cc2,Wrapped Ether,WETH,294794.58866266353,168239169
35,20010599,2024-6-3,0x3f33ff21b974a554699cda3967b4a85366c487f5,705198753.321048,0.525582481681013,0.525582481681013,2003.1885775700605,0.6015812497078002,220,705198753.321048,0.525582481681013,0x21fe6b92b45f7a4cd017ab882f060d962fc0a432,Wrapped Trump,WTRUMP,705198753.321048,220,0xc02aaa39b223fe8d0a0e5c4f27ead9083c756cc2,Wrapped Ether,WETH,294794.58866266353,168239169,0x21fe6b92b45f7a4cd017ab882f060d962fc0a432,Wrapped Trump,WTRUMP,705198753.321048,220,0xc02aaa39b223fe8d0a0e5c4f27ead9083c756cc2,Wrapped Ether,WETH,294794.58866266353,168239169
36,20010546,2024-6-3,0xf3ee1858e28e4b72f42aa05bfb8464893b4d1e19,303515257.3902573,5.321055635654907,10.642111271309812,40566.477929553716,1.2649110640673509,119,303515257.3902573,5.321055635654907,0x5d1b3948c1db57893e18b56346b813c54e88ef8d,CROG on ETH,CROG,303515257.3902573,119,0xc02aaa39b223fe8d0a0e5c4f27ead9083c756cc2,Wrapped Ether,WETH,294794.58866266353,168239169,0x5d1b3948c1db57893e18b56346b813c54e88ef8d,CROG on ETH,CROG,303515257.3902573,119,0xc02aaa39b223fe8d0a0e5c4f27ead9083c756cc2,Wrapped Ether,WETH,294794.58866266353,168239169
37,20010530,2024-6-3,0xb16c4cc1cd5eac06c3bc89720732b05370195d76,2508000113.4442186,10.802164162147164,21.60432832429433,82538.22890439769,164316.76725154984,69,2508000113.4442186,10.802164162147164,0x53989bd2780a217cb8e10f2a366b6ba2922fdce2,MEGATRUMP,MEGAA,2508000113.4442186,69,0xc02aaa39b223fe8d0a0e5c4f27ead9083c756cc2,Wrapped Ether,WETH,294794.58866266353,168239169,0x53989bd2780a217cb8e10f2a366b6ba2922fdce2,MEGATRUMP,MEGAA,2508000113.4442186,69,0xc02aaa39b223fe8d0a0e5c4f27ead9083c756cc2,Wrapped Ether,WETH,294794.58866266353,168239169
38,20010478,2024-6-3,0x73dcd3d3d728f7ec6084e5d23e837999df3cf9dc,1.5134e-05,0.0,0.0,2.56e-13,0.0,29,1.5134e-05,0.0,0x4cb601e764f2bbc22810a8c3b87b006727cc462a,Baby GME,BGME,1.5134e-05,29,0xc02aaa39b223fe8d0a0e5c4f27ead9083c756cc2,Wrapped Ether,WETH,294794.58866266353,168239169,0x4cb601e764f2bbc22810a8c3b87b006727cc462a,Baby GME,BGME,1.5134e-05,29,0xc02aaa39b223fe8d0a0e5c4f27ead9083c756cc2,Wrapped Ether,WETH,294794.58866266353,168239169
39,20010451,2024-6-3,0x9e9ab5dc819dc61d8271fdd04be9dbd2d92730bd,257594772214.62573,1.3372894051707451,2.6745788103414903,10192.84605444903,17.998091565496605,905,257594772214.62573,1.3372894051707451,0x8943148b4dd8b18f032adeef68a71753c4e4ea37,Keroppi,KERO,257594772214.62573,905,0xc02aaa39b223fe8d0a0e5c4f27ead9083c756cc2,Wrapped Ether,WETH,294794.58866266353,168239169,0x8943148b4dd8b18f032adeef68a71753c4e4ea37,Keroppi,KERO,257594772214.62573,905,0xc02aaa39b223fe8d0a0e5c4f27ead9083c756cc2,Wrapped Ether,WETH,294794.58866266353,168239169
40,20010373,2024-6-3,0xf9f5d757ecfd944c10090b8fd491fd1c96df72dd,240566504102.71643,2.050148635507256,4.1002972710145125,15624.94549495266,21.51271600705034,881,240566504102.71643,2.050148635507256,0x16382f4fdefcb4429e4bb5b00dedc8206ef53238,Trump Media & Technology Group Corp,DJT,248881011907.21216,891,0xc02aaa39b223fe8d0a0e5c4f27ead9083c756cc2,Wrapped Ether,WETH,294794.58866266353,168239169,0x16382f4fdefcb4429e4bb5b00dedc8206ef53238,Trump Media & Technology Group Corp,DJT,248881011907.21216,891,0xc02aaa39b223fe8d0a0e5c4f27ead9083c756cc2,Wrapped Ether,WETH,294794.58866266353,168239169
41,20010370,2024-6-3,0x7502b540f849f2e84f0d84c4f073482f8e402cc8,0.0,4.6155e-12,0.0,7.6e-15,0.0,71,4.6155e-12,0.0,0xc02aaa39b223fe8d0a0e5c4f27ead9083c756cc2,Wrapped Ether,WETH,294794.58866266353,168239169,0xf4fb1c885def554c3827d96fcd122025543ca89e,DeepFuckingValue,DFV,4.6155e-12,71,0xf4fb1c885def554c3827d96fcd122025543ca89e,DeepFuckingValue,DFV,4.6155e-12,71,0xc02aaa39b223fe8d0a0e5c4f27ead9083c756cc2,Wrapped Ether,WETH,294794.58866266353,168239169
42,20010328,2024-6-3,0xcfdf73fae13b1cc9a18b571fa8bc953bfe77a63a,732326533.6029187,27.348133300835315,54.69626660167063,209121.94732217625,141421.3562373095,46,732326533.6029187,27.348133300835315,0xb5ac1b723961c1e7a05ddcfd16100fb6328275fd,Vote Trump,VTRUMP,732326533.6029187,46,0xc02aaa39b223fe8d0a0e5c4f27ead9083c756cc2,Wrapped Ether,WETH,294794.58866266353,168239169,0xb5ac1b723961c1e7a05ddcfd16100fb6328275fd,Vote Trump,VTRUMP,732326533.6029187,46,0xc02aaa39b223fe8d0a0e5c4f27ead9083c756cc2,Wrapped Ether,WETH,294794.58866266353,168239169
43,20010297,2024-6-3,0x9266c53f65080864a8185af8333f7ed6f860c03a,12293698.909555333,3.618986235449007,7.237972470898014,27582.838671354017,0.2024845673131648,637,12293698.909555333,3.618986235449007,0xa4e6c595ea82cc85a30ca04426bfa96ec696ded4,Garfielf,Garfielf,12293698.909555333,637,0xc02aaa39b223fe8d0a0e5c4f27ead9083c756cc2,Wrapped Ether,WETH,294794.58866266353,168239169,0xa4e6c595ea82cc85a30ca04426bfa96ec696ded4,Garfielf,Garfielf,12293698.909555333,637,0xc02aaa39b223fe8d0a0e5c4f27ead9083c756cc2,Wrapped Ether,WETH,294794.58866266353,168239169
44,20010292,2024-6-3,0x5acb4eda4987295bbd85cf816ccce496b4dec77c,754242679.7630146,26.552523567552125,53.10504713510425,203005.76548958957,141421.3562373095,44,754242679.7630146,26.552523567552125,0x6fadf99da67e6c999241b0554d873d6cfc36c228,SIMPSON Trump,STRUMP,754242679.7630146,44,0xc02aaa39b223fe8d0a0e5c4f27ead9083c756cc2,Wrapped Ether,WETH,294794.58866266353,168239169,0x6fadf99da67e6c999241b0554d873d6cfc36c228,SIMPSON Trump,STRUMP,754242679.7630146,44,0xc02aaa39b223fe8d0a0e5c4f27ead9083c756cc2,Wrapped Ether,WETH,294794.58866266353,168239169
45,20010292,2024-6-3,0x322ecf4a85fbbdb12f77485369f614078a16cabb,10662803.634886716,6.743332736095508,13.486665472191016,51395.67088227194,0.2509980079602216,1501,10662803.634886716,6.743332736095508,0x56f1afaf632824684a1dd4bf2bc49ff484d0e415,Trump Stock,DJT,10662803.634886716,1501,0xc02aaa39b223fe8d0a0e5c4f27ead9083c756cc2,Wrapped Ether,WETH,294794.58866266353,168239169,0x56f1afaf632824684a1dd4bf2bc49ff484d0e415,Trump Stock,DJT,10662803.634886716,1501,0xc02aaa39b223fe8d0a0e5c4f27ead9083c756cc2,Wrapped Ether,WETH,294794.58866266353,168239169
46,20010224,2024-6-3,0xae8138208a426bd5a62b0349d66a13c6df4fef87,13.890333556892227,2172501.293319053,27.78066711378445,105869.21013550904,5491.495925519749,23,2172501.293319053,13.890333556892227,0xc02aaa39b223fe8d0a0e5c4f27ead9083c756cc2,Wrapped Ether,WETH,294794.58866266353,168239169,0xe97f6dde78b11b58cb3e394f15ab592cb2acd290,Metahorse Unity Token,MUNITY,2172501.293319053,23,0xe97f6dde78b11b58cb3e394f15ab592cb2acd290,Metahorse Unity Token,MUNITY,2172501.293319053,23,0xc02aaa39b223fe8d0a0e5c4f27ead9083c756cc2,Wrapped Ether,WETH,294794.58866266353,168239169
47,20010172,2024-6-3,0xaa3ea2ddf65f268ded554f16707ba798776e9daf,3451989.794978794,0.0594592786731392,0.0594592786731392,226.70575049857155,447.21359549995793,31,3451989.794978794,0.0594592786731392,0x8b209f87dffa0ec240611b0bf2afab41d796a39a,Candles,üïØÔ∏è,3451989.794978794,31,0xc02aaa39b223fe8d0a0e5c4f27ead9083c756cc2,Wrapped Ether,WETH,294794.58866266353,168239169,0x8b209f87dffa0ec240611b0bf2afab41d796a39a,Candles,üïØÔ∏è,3451989.794978794,31,0xc02aaa39b223fe8d0a0e5c4f27ead9083c756cc2,Wrapped Ether,WETH,294794.58866266353,168239169
48,20010147,2024-6-3,0xbd7781c7770963bc5c4016561f554af446561814,2.1e-08,4.87e-14,4.87e-14,1.865313e-10,0.0,9,2.1e-08,4.87e-14,0x3d0ab4a7e6ca95abea19d6ef7cc67b71ed67caf9,make america gay again,maga,2.1e-08,9,0xc02aaa39b223fe8d0a0e5c4f27ead9083c756cc2,Wrapped Ether,WETH,294794.58866266353,168239169,0x3d0ab4a7e6ca95abea19d6ef7cc67b71ed67caf9,make america gay again,maga,2.1e-08,9,0xc02aaa39b223fe8d0a0e5c4f27ead9083c756cc2,Wrapped Ether,WETH,294794.58866266353,168239169
49,20010095,2024-6-3,0xcdc42ab11b0079cadb2d687ff5c22c201ecb08dd,11.971592412206482,145238136.95587468,23.943184824412963,91283.01938894003,41506.71030086581,89,145238136.95587468,11.971592412206482,0xc02aaa39b223fe8d0a0e5c4f27ead9083c756cc2,Wrapped Ether,WETH,294794.58866266353,168239169,0xfd0033de5529ebdccc69a2b0d63907aac6e2f241,YOLO,GMEYOLO,145238136.95587468,89,0xfd0033de5529ebdccc69a2b0d63907aac6e2f241,YOLO,GMEYOLO,145238136.95587468,89,0xc02aaa39b223fe8d0a0e5c4f27ead9083c756cc2,Wrapped Ether,WETH,294794.58866266353,168239169
50,20010090,2024-6-3,0x815cf3b0ca82f863c5dd003a4c97850c5956db82,46121481227.98912,9.182006879169728,18.364013758339457,69999.93616522073,20.510728899773405,45,46121481227.98912,9.182006879169728,0x1171200331727bc89daa323122f0682fa6bc8833,GMEDOG,GMEDOG,46121481227.98912,45,0xc02aaa39b223fe8d0a0e5c4f27ead9083c756cc2,Wrapped Ether,WETH,294794.58866266353,168239169,0x1171200331727bc89daa323122f0682fa6bc8833,GMEDOG,GMEDOG,46121481227.98912,45,0xc02aaa39b223fe8d0a0e5c4f27ead9083c756cc2,Wrapped Ether,WETH,294794.58866266353,168239169
51,20010068,2024-6-3,0xbe411a9341fce27a190c2e1c3725b9f8f8c70e9f,5.047381103906962,197288798.2944504,10.094762207813924,38650.52845085333,31389.48868650141,59,197288798.2944504,5.047381103906962,0xc02aaa39b223fe8d0a0e5c4f27ead9083c756cc2,Wrapped Ether,WETH,294794.58866266353,168239169,0xcfb8752723e85ec4f269193641eca84bdbe41097,GME,GME,197288798.2944504,59,0xcfb8752723e85ec4f269193641eca84bdbe41097,GME,GME,197288798.2944504,59,0xc02aaa39b223fe8d0a0e5c4f27ead9083c756cc2,Wrapped Ether,WETH,294794.58866266353,168239169
52,20010010,2024-6-3,0x7e339c340adb2d0403dc552de63eca760f3006a4,73054322.4230442,3.4973254938767178,6.994650987753436,26653.410755327517,0.5043030898821536,195,73054322.4230442,3.4973254938767178,0x3a82215e9f787cdd68c0c7aa30db55b4af84a970,Stellar,STR,73054322.4230442,195,0xc02aaa39b223fe8d0a0e5c4f27ead9083c756cc2,Wrapped Ether,WETH,294794.58866266353,168239169,0x3a82215e9f787cdd68c0c7aa30db55b4af84a970,Stellar,STR,73054322.4230442,195,0xc02aaa39b223fe8d0a0e5c4f27ead9083c756cc2,Wrapped Ether,WETH,294794.58866266353,168239169
53,20009983,2024-6-3,0xc80a09cfd1a197400da860c33fd73c5ef41b1ccb,42045275.787223056,10.806550248756219,21.61310049751244,82568.14745542537,0.6708203932499359,41,42045275.787223056,10.806550248756219,0x2e237abc284811e4d0fb7a7a90911d3399fa0761,Aethir,ATH,42045275.787223056,41,0xc02aaa39b223fe8d0a0e5c4f27ead9083c756cc2,Wrapped Ether,WETH,294794.58866266353,168239169,0x2e237abc284811e4d0fb7a7a90911d3399fa0761,Aethir,ATH,42045275.787223056,41,0xc02aaa39b223fe8d0a0e5c4f27ead9083c756cc2,Wrapped Ether,WETH,294794.58866266353,168239169
54,20009938,2024-6-3,0x5fb963dd8c18a2a307f5c4d137f9d7df51c77e57,441858884.63110125,0.9398657576743854,0.9398657576743854,3582.6740879230224,20122.905605304615,213,441858884.63110125,0.9398657576743854,0x88e28064e89a1f8c9c6c63843d696903f0ae95ef,Holy Pepe,HOPE,441858884.63110125,213,0xc02aaa39b223fe8d0a0e5c4f27ead9083c756cc2,Wrapped Ether,WETH,294794.58866266353,168239169,0x88e28064e89a1f8c9c6c63843d696903f0ae95ef,Holy Pepe,HOPE,441858884.63110125,213,0xc02aaa39b223fe8d0a0e5c4f27ead9083c756cc2,Wrapped Ether,WETH,294794.58866266353,168239169
55,20009932,2024-6-3,0x27151e3eefe2abae1b8183ced34c5afb0e37bee4,4.182302897928067,248212006.90976444,8.364605795856134,31877.380931861677,31622.776601683796,617,248212006.90976444,4.182302897928067,0xc02aaa39b223fe8d0a0e5c4f27ead9083c756cc2,Wrapped Ether,WETH,294794.58866266353,168239169,0xf325c255f1ea522412f16a3da63e592d001ba490,Bruce MemeCoin,Bruce,248212006.90976444,617,0xf325c255f1ea522412f16a3da63e592d001ba490,Bruce MemeCoin,Bruce,248212006.90976444,617,0xc02aaa39b223fe8d0a0e5c4f27ead9083c756cc2,Wrapped Ether,WETH,294794.58866266353,168239169
56,20009924,2024-6-3,0xd3ac6da083d3c95ddfc49117d2cc6f9aaf93a144,809512175.2220594,2.106499670433364,4.212999340866728,16100.016899103544,1.3038404810405289,23,809512175.2220594,2.106499670433364,0x6f1f45e32d88d5d8cf56a235c9ea463fcf5ef81e,Bub cat,BUB,809512175.2220594,23,0xc02aaa39b223fe8d0a0e5c4f27ead9083c756cc2,Wrapped Ether,WETH,294794.58866266353,168239169,0x6f1f45e32d88d5d8cf56a235c9ea463fcf5ef81e,Bub cat,BUB,809512175.2220594,23,0xc02aaa39b223fe8d0a0e5c4f27ead9083c756cc2,Wrapped Ether,WETH,294794.58866266353,168239169
57,20009878,2024-6-3,0x77e669fce5f49a05807dcf33f60707bc19360d0a,0.0,0.0,0.0,0.0,0.0,0,0.0,0.0,0x05f545e1609458fdd5f2fbf101dbee7473a0c4a6,SD Inside,SDI,0.0,0,0xc02aaa39b223fe8d0a0e5c4f27ead9083c756cc2,Wrapped Ether,WETH,294794.58866266353,168239169,0x05f545e1609458fdd5f2fbf101dbee7473a0c4a6,SD Inside,SDI,0.0,0,0xc02aaa39b223fe8d0a0e5c4f27ead9083c756cc2,Wrapped Ether,WETH,294794.58866266353,168239169
58,20009845,2024-6-3,0x65580b66e5bf5cae3218183758e1d523c570d171,228028123.3323532,6.0499736566022735,12.099947313204549,46224.3410951575,1.161895003862224,226,228028123.3323532,6.0499736566022735,0xbe8f817ff5ac50b061ce5cc99dd7028946271f83,Pepe the King Prawn,PEPE,228028123.3323532,226,0xc02aaa39b223fe8d0a0e5c4f27ead9083c756cc2,Wrapped Ether,WETH,294794.58866266353,168239169,0xbe8f817ff5ac50b061ce5cc99dd7028946271f83,Pepe the King Prawn,PEPE,228028123.3323532,226,0xc02aaa39b223fe8d0a0e5c4f27ead9083c756cc2,Wrapped Ether,WETH,294794.58866266353,168239169
59,20009831,2024-6-3,0x2a3ae299e23ff49b376e983122f0d8ea17ca2bde,2.75e-07,3.6e-15,7.2e-15,2.78416e-11,0.0,18,2.75e-07,3.6e-15,0x145d31143699e5a04b688e0a40ad4e2516840120,       PE COIN           ,     PE          ,2.75e-07,18,0xc02aaa39b223fe8d0a0e5c4f27ead9083c756cc2,Wrapped Ether,WETH,294794.58866266353,168239169,0x145d31143699e5a04b688e0a40ad4e2516840120,       PE COIN           ,     PE          ,2.75e-07,18,0xc02aaa39b223fe8d0a0e5c4f27ead9083c756cc2,Wrapped Ether,WETH,294794.58866266353,168239169
60,20009814,2024-6-3,0x32eb527442e5470aee47d0ad1561039c019b8853,1.000000000000308e+21,1.1011e-12,2.2023e-12,8.4148384e-09,1.0382677881933917,179,1.000000000000308e+21,1.1011e-12,0x176ea8ea55e2058e583426d0be4107f255cc225a,Katt Daddy,KATT,1.000000000000308e+21,179,0xc02aaa39b223fe8d0a0e5c4f27ead9083c756cc2,Wrapped Ether,WETH,294794.58866266353,168239169,0x176ea8ea55e2058e583426d0be4107f255cc225a,Katt Daddy,KATT,1.000000000000308e+21,179,0xc02aaa39b223fe8d0a0e5c4f27ead9083c756cc2,Wrapped Ether,WETH,294794.58866266353,168239169
61,20009789,2024-6-3,0x1b10da2b6edea7ae000b2a27505914019aba6dc0,4.264e-12,0.0,0.0,7.6e-15,0.0,2,4.264e-12,0.0,0x41a697319f80cd006493d06180ab6153ee80164f,Pepe Society,PEPES,4.264e-12,2,0xc02aaa39b223fe8d0a0e5c4f27ead9083c756cc2,Wrapped Ether,WETH,294794.58866266353,168239169,0x41a697319f80cd006493d06180ab6153ee80164f,Pepe Society,PEPES,4.264e-12,2,0xc02aaa39b223fe8d0a0e5c4f27ead9083c756cc2,Wrapped Ether,WETH,294794.58866266353,168239169
62,20009780,2024-6-3,0x6a7d5b469facd7a6c6c843b3d8c07b485a3b4411,1.000000000000026e+22,1.618e-13,3.236e-13,1.2384186e-09,1.2649110640673509,110,1.000000000000026e+22,1.618e-13,0x33e44ff088aa36b23bbebfd4a3e1a3fbf68be69f,Elmo Coin,ELMO,1.000000000000026e+22,110,0xc02aaa39b223fe8d0a0e5c4f27ead9083c756cc2,Wrapped Ether,WETH,294794.58866266353,168239169,0x33e44ff088aa36b23bbebfd4a3e1a3fbf68be69f,Elmo Coin,ELMO,1.000000000000026e+22,110,0xc02aaa39b223fe8d0a0e5c4f27ead9083c756cc2,Wrapped Ether,WETH,294794.58866266353,168239169
63,20009769,2024-6-3,0x6553c8aafb14c3d24c80d2079373f6797acdd322,0.1111906431,213494082835.30585,0.1111906431,425.51610226437487,4.8714535818377644,7,213494082835.30585,0.1111906431,0xc02aaa39b223fe8d0a0e5c4f27ead9083c756cc2,Wrapped Ether,WETH,294794.58866266353,168239169,0xd46c438daa465a3f4ca4140838af5fceff4d3e8f,MAPMAGA PEPEE,MAPE,213494082835.30585,7,0xd46c438daa465a3f4ca4140838af5fceff4d3e8f,MAPMAGA PEPEE,MAPE,213494082835.30585,7,0xc02aaa39b223fe8d0a0e5c4f27ead9083c756cc2,Wrapped Ether,WETH,294794.58866266353,168239169
64,20009756,2024-6-3,0x98a63cbd3f3b4c8730df952314f6b1c58d5e2380,5.3915e-05,0.0,0.0,7.26e-14,0.0,4,5.3915e-05,0.0,0x0f9295ccc779cc324990a958238213dbe4ef7ba0,MAGA,MAGA,5.3915e-05,4,0xc02aaa39b223fe8d0a0e5c4f27ead9083c756cc2,Wrapped Ether,WETH,294794.58866266353,168239169,0x0f9295ccc779cc324990a958238213dbe4ef7ba0,MAGA,MAGA,5.3915e-05,4,0xc02aaa39b223fe8d0a0e5c4f27ead9083c756cc2,Wrapped Ether,WETH,294794.58866266353,168239169
65,20009752,2024-6-3,0x07faa32430ef94ba6619c20523b10fd32bfb3def,2848864512.78141,8.109744374839542,16.219488749679083,61807.9411532399,151986.84153570663,8,2848864512.78141,8.109744374839542,0x9f1be92409d71e933d0ed5d1d6826fb625efa294,Scroll,Scroll,2848864512.78141,8,0xc02aaa39b223fe8d0a0e5c4f27ead9083c756cc2,Wrapped Ether,WETH,294794.58866266353,168239169,0x9f1be92409d71e933d0ed5d1d6826fb625efa294,Scroll,Scroll,2848864512.78141,8,0xc02aaa39b223fe8d0a0e5c4f27ead9083c756cc2,Wrapped Ether,WETH,294794.58866266353,168239169
66,20009715,2024-6-3,0x9f39781e6491545ad8443db86d5071a0fc36fa4d,33201689087.376644,4.52704027958724,9.05408055917448,34510.75977172956,387298.33462074166,25,33201689087.376644,4.52704027958724,0x1a374e8e1fd02a1ce0fb9bc4f58cde7bbab41ebe,SUR,SUR,33201689087.376644,25,0xc02aaa39b223fe8d0a0e5c4f27ead9083c756cc2,Wrapped Ether,WETH,294794.58866266353,168239169,0x1a374e8e1fd02a1ce0fb9bc4f58cde7bbab41ebe,SUR,SUR,33201689087.376644,25,0xc02aaa39b223fe8d0a0e5c4f27ead9083c756cc2,Wrapped Ether,WETH,294794.58866266353,168239169
67,20009694,2024-6-3,0x9e885b75369879a48e6c91cd1653c7c179bc8395,15975485360.351439,2.17352997526861,4.34705995053722,16564.878977353303,1.8114585283687827,1084,15975485360.351439,2.17352997526861,0xa5aa1329e01398056469de5e303aa7de3c69e8ed,Trump Inu,TINU,15975485360.351439,1084,0xc02aaa39b223fe8d0a0e5c4f27ead9083c756cc2,Wrapped Ether,WETH,294794.58866266353,168239169,0xa5aa1329e01398056469de5e303aa7de3c69e8ed,Trump Inu,TINU,15975485360.351439,1084,0xc02aaa39b223fe8d0a0e5c4f27ead9083c756cc2,Wrapped Ether,WETH,294794.58866266353,168239169
68,20009645,2024-6-3,0x73b387b05d80eea4f708ac9fdd8653c1d7c7932d,4.216329e-10,0.0,0.0,3.8e-15,0.0,8,4.216329e-10,0.0,0x80431cb273aea80cfd58e7b33be26fa98e854436,achi coin,ACHI,4.216329e-10,8,0xc02aaa39b223fe8d0a0e5c4f27ead9083c756cc2,Wrapped Ether,WETH,294794.58866266353,168239169,0x80431cb273aea80cfd58e7b33be26fa98e854436,achi coin,ACHI,4.216329e-10,8,0xc02aaa39b223fe8d0a0e5c4f27ead9083c756cc2,Wrapped Ether,WETH,294794.58866266353,168239169
69,20009644,2024-6-3,0xfa6f2e96061448e9715c76308c6894edd1df63dc,3.584504271772934,12997343.642705731,7.169008543545868,27442.226547591104,6803.132572462482,36,12997343.642705731,3.584504271772934,0xc02aaa39b223fe8d0a0e5c4f27ead9083c756cc2,Wrapped Ether,WETH,294794.58866266353,168239169,0xfadf3ef05443e9b9e1ceb5a9c81c638182e3900a,MAGA,47,12997343.642705731,36,0xfadf3ef05443e9b9e1ceb5a9c81c638182e3900a,MAGA,47,12997343.642705731,36,0xc02aaa39b223fe8d0a0e5c4f27ead9083c756cc2,Wrapped Ether,WETH,294794.58866266353,168239169
70,20009626,2024-6-3,0xa98005e8e8470f802730050ce95d645081bd8504,113689949783398.28,6.990436484686051,13.980872969372102,53282.26972655241,841.2723120609822,2538,113689949783398.28,6.990436484686051,0xb9eb6f357f040be1d2a3d6b4ba750d1ab8a4233c,Fresco,FRESCO,113689949783398.28,2538,0xc02aaa39b223fe8d0a0e5c4f27ead9083c756cc2,Wrapped Ether,WETH,294794.58866266353,168239169,0xb9eb6f357f040be1d2a3d6b4ba750d1ab8a4233c,Fresco,FRESCO,113689949783398.28,2538,0xc02aaa39b223fe8d0a0e5c4f27ead9083c756cc2,Wrapped Ether,WETH,294794.58866266353,168239169
71,20009624,2024-6-3,0x3557f58366ff43dcc9bacc7bf93ad63c5942dc77,0.0,5.860728e-10,0.0,7.6e-15,0.0,28,5.860728e-10,0.0,0xc02aaa39b223fe8d0a0e5c4f27ead9083c756cc2,Wrapped Ether,WETH,294794.58866266353,168239169,0xda82c79b3aaa306da12a619c34b08b1db8e06cb0,Trump mugshot shirt!,TRUMPMS,5.860728e-10,28,0xda82c79b3aaa306da12a619c34b08b1db8e06cb0,Trump mugshot shirt!,TRUMPMS,5.860728e-10,28,0xc02aaa39b223fe8d0a0e5c4f27ead9083c756cc2,Wrapped Ether,WETH,294794.58866266353,168239169
72,20009616,2024-6-3,0x818cbc2ab889e2e42537b04862217b37ff2409e5,334697864568.47595,0.9815992068019656,0.9815992068019656,3752.9099141702527,17.998091565496605,208,334697864568.47595,0.9815992068019656,0xb00ac5b6bd3ebf7ccec1ce561dfee297bcf7bac0,MonkaS Trump,MTRUMP,334697864568.47595,208,0xc02aaa39b223fe8d0a0e5c4f27ead9083c756cc2,Wrapped Ether,WETH,294794.58866266353,168239169,0xb00ac5b6bd3ebf7ccec1ce561dfee297bcf7bac0,MonkaS Trump,MTRUMP,334697864568.47595,208,0xc02aaa39b223fe8d0a0e5c4f27ead9083c756cc2,Wrapped Ether,WETH,294794.58866266353,168239169
73,20009582,2024-6-3,0x6f13601391e5bc38af025e3e291dca56792a5896,13495205624.58006,7.472996108341558,14.945992216683116,56974.83902013552,3.162277660168378,93,13495205624.58006,7.472996108341558,0x7bc0a3cc5a75256c12df4c3a9fbb8ecbbcd57f9c,TRUMPIG,TRUMPIG,13495205624.58006,93,0xc02aaa39b223fe8d0a0e5c4f27ead9083c756cc2,Wrapped Ether,WETH,294794.58866266353,168239169,0x7bc0a3cc5a75256c12df4c3a9fbb8ecbbcd57f9c,TRUMPIG,TRUMPIG,13495205624.58006,93,0xc02aaa39b223fe8d0a0e5c4f27ead9083c756cc2,Wrapped Ether,WETH,294794.58866266353,168239169
74,20009570,2024-6-3,0x67f0f5130bae14f44d552ce9536e724230f619c5,5251067875.900996,19.090604984807765,38.18120996961553,145989.40298406855,316227.76601683797,48,5251067875.900996,19.090604984807765,0x4c8f048596a300e4130dbb64243a01e94efdccdc,BABYMAGA,BABYMAGA,5251067875.900996,48,0xc02aaa39b223fe8d0a0e5c4f27ead9083c756cc2,Wrapped Ether,WETH,294794.58866266353,168239169,0x4c8f048596a300e4130dbb64243a01e94efdccdc,BABYMAGA,BABYMAGA,5251067875.900996,48,0xc02aaa39b223fe8d0a0e5c4f27ead9083c756cc2,Wrapped Ether,WETH,294794.58866266353,168239169
75,20009563,2024-6-3,0x7be43be45b42309e1ac8e74a448283313d4ce03f,1.665627e-10,0.0,0.0,3.8e-15,0.0,4,1.665627e-10,0.0,0x61ff938d858ab75f2c915f3610807e8baa53a9e2,TestSCRL,TestSCRL,1.665627e-10,4,0xc02aaa39b223fe8d0a0e5c4f27ead9083c756cc2,Wrapped Ether,WETH,294794.58866266353,168239169,0x61ff938d858ab75f2c915f3610807e8baa53a9e2,TestSCRL,TestSCRL,1.665627e-10,4,0xc02aaa39b223fe8d0a0e5c4f27ead9083c756cc2,Wrapped Ether,WETH,294794.58866266353,168239169
76,20009549,2024-6-3,0xfef8037f5397d9180b520fddbb5b2f0e652e4550,0.0,0.0,0.0,0.0,0.0,0,0.0,0.0,0x64bc89b498cbdb44df0fcbebc1f7753a4e21bb52,WallStreetPepe,WSP,0.0,0,0xc02aaa39b223fe8d0a0e5c4f27ead9083c756cc2,Wrapped Ether,WETH,294794.58866266353,168239169,0x64bc89b498cbdb44df0fcbebc1f7753a4e21bb52,WallStreetPepe,WSP,0.0,0,0xc02aaa39b223fe8d0a0e5c4f27ead9083c756cc2,Wrapped Ether,WETH,294794.58866266353,168239169
77,20009536,2024-6-3,0x2be73f5995098f5510a5709cee2d140605517f28,0.0,0.0,0.0,0.0,0.0,0,0.0,0.0,0x509ee03dc5fc5cf856c3596c2689be04eaa774f8,WallStreetPepe,WSP,0.0,0,0xc02aaa39b223fe8d0a0e5c4f27ead9083c756cc2,Wrapped Ether,WETH,294794.58866266353,168239169,0x509ee03dc5fc5cf856c3596c2689be04eaa774f8,WallStreetPepe,WSP,0.0,0,0xc02aaa39b223fe8d0a0e5c4f27ead9083c756cc2,Wrapped Ether,WETH,294794.58866266353,168239169
78,20009505,2024-6-3,0x9826f012805bf23f1a35f3080db9a363f523fe56,0.0,1.5657e-05,1e-16,4.975e-13,0.0,85,1.5657e-05,0.0,0xc02aaa39b223fe8d0a0e5c4f27ead9083c756cc2,Wrapped Ether,WETH,294794.58866266353,168239169,0xfe427cf4f3e97083fa5ae91a8c8dbb87561e9109,Trump mugshot shirt,MUGSHOT,1.5657e-05,85,0xfe427cf4f3e97083fa5ae91a8c8dbb87561e9109,Trump mugshot shirt,MUGSHOT,1.5657e-05,85,0xc02aaa39b223fe8d0a0e5c4f27ead9083c756cc2,Wrapped Ether,WETH,294794.58866266353,168239169
79,20009505,2024-6-3,0x4427ceac1aa8af20f77e2c62fdabf34749834155,1.37637e-11,0.0,0.0,7.6e-15,0.0,20,1.37637e-11,0.0,0xa5d4f13094cc1af155f8a000073d9e9e4d7f5145,Trump mugshot shirt,Trump mugshot shirt,1.37637e-11,20,0xc02aaa39b223fe8d0a0e5c4f27ead9083c756cc2,Wrapped Ether,WETH,294794.58866266353,168239169,0xa5d4f13094cc1af155f8a000073d9e9e4d7f5145,Trump mugshot shirt,Trump mugshot shirt,1.37637e-11,20,0xc02aaa39b223fe8d0a0e5c4f27ead9083c756cc2,Wrapped Ether,WETH,294794.58866266353,168239169
80,20009504,2024-6-3,0x2422ba0134dd3cdb45541830275db8cd18dd4107,545950824.2726461,0.7621177353595566,0.7621177353595566,2904.7669909235215,0.6244997998398388,477,545950824.2726461,0.7621177353595566,0x447b8f020e01acf456c3271cee94483a2e4b0ae1,PEPE STOCKS,PEPES,545950824.2726461,477,0xc02aaa39b223fe8d0a0e5c4f27ead9083c756cc2,Wrapped Ether,WETH,294794.58866266353,168239169,0x447b8f020e01acf456c3271cee94483a2e4b0ae1,PEPE STOCKS,PEPES,545950824.2726461,477,0xc02aaa39b223fe8d0a0e5c4f27ead9083c756cc2,Wrapped Ether,WETH,294794.58866266353,168239169
81,20009490,2024-6-3,0x354f2a2deb7918d30ac9dfe93961d864ebe4a6c1,1000000034981593.2,3.982460618e-07,7.964921237e-07,0.003044793893472,19895.72818471342,41,1000000034981593.2,3.982460618e-07,0x95b47aa19535faa7f6c6f480927aaded407aedde,Dora Vota,DOVO,1000000034981593.2,41,0xc02aaa39b223fe8d0a0e5c4f27ead9083c756cc2,Wrapped Ether,WETH,294794.58866266353,168239169,0x95b47aa19535faa7f6c6f480927aaded407aedde,Dora Vota,DOVO,1000000034981593.2,41,0xc02aaa39b223fe8d0a0e5c4f27ead9083c756cc2,Wrapped Ether,WETH,294794.58866266353,168239169
82,20009489,2024-6-3,0x7071b86db7031f9348735c7f3c24c737c51b6b58,2.731e-06,3e-16,3e-16,1.4006e-12,0.0,3,2.731e-06,3e-16,0x0e91c653245b859fe5fbd67e41a97124005afddd,Trump mugshot shirt,TMS,2.731e-06,3,0xc02aaa39b223fe8d0a0e5c4f27ead9083c756cc2,Wrapped Ether,WETH,294794.58866266353,168239169,0x0e91c653245b859fe5fbd67e41a97124005afddd,Trump mugshot shirt,TMS,2.731e-06,3,0xc02aaa39b223fe8d0a0e5c4f27ead9083c756cc2,Wrapped Ether,WETH,294794.58866266353,168239169
83,20009487,2024-6-3,0xd25ef507c0808c7f55a9c025a04c85306b274b7e,616828022.4903479,1.6594081453324825,3.318816290664965,12682.87188395904,31144.823004794875,601,616828022.4903479,1.6594081453324825,0x0ee2f57c747b7f62a8b7be07a9d22623668613c5,Trump Mugshot Shirt,MUGSHOT,616828022.4903479,601,0xc02aaa39b223fe8d0a0e5c4f27ead9083c756cc2,Wrapped Ether,WETH,294794.58866266353,168239169,0x0ee2f57c747b7f62a8b7be07a9d22623668613c5,Trump Mugshot Shirt,MUGSHOT,616828022.4903479,601,0xc02aaa39b223fe8d0a0e5c4f27ead9083c756cc2,Wrapped Ether,WETH,294794.58866266353,168239169
84,20009483,2024-6-3,0xb311a1d27765f7437b7319ab9a43f08cc3e04cbc,2.73e-07,3.6e-15,7.3e-15,2.80427e-11,0.0,23,2.73e-07,3.6e-15,0x3e44ea1dfbd73e0978c2ce969bc918ddcdf54f70,       OpurAI           ,     $OP           ,2.73e-07,23,0xc02aaa39b223fe8d0a0e5c4f27ead9083c756cc2,Wrapped Ether,WETH,294794.58866266353,168239169,0x3e44ea1dfbd73e0978c2ce969bc918ddcdf54f70,       OpurAI           ,     $OP           ,2.73e-07,23,0xc02aaa39b223fe8d0a0e5c4f27ead9083c756cc2,Wrapped Ether,WETH,294794.58866266353,168239169
85,20009468,2024-6-3,0xdea1ed688790356625aa41351f3a28da0887ca47,5000000004459054.0,4.1628051e-09,8.3256102e-09,3.17299279315e-05,4533.045333989061,49,5000000004459054.0,4.1628051e-09,0x8c9ecd83752067c192b63e07546b8dc27cfe2a98,LIBERTY GUNS BITCOIN TRUMP,LGBT,5000000004459054.0,49,0xc02aaa39b223fe8d0a0e5c4f27ead9083c756cc2,Wrapped Ether,WETH,294794.58866266353,168239169,0x8c9ecd83752067c192b63e07546b8dc27cfe2a98,LIBERTY GUNS BITCOIN TRUMP,LGBT,5000000004459054.0,49,0xc02aaa39b223fe8d0a0e5c4f27ead9083c756cc2,Wrapped Ether,WETH,294794.58866266353,168239169
86,20009461,2024-6-3,0x2d7bcbb9a2ae52138d0d17585fc0c15109acdc1e,817923290.2137066,0.9135445005250298,0.9135445005250298,3497.899678487725,0.859767410408186,120,817923290.2137066,0.9135445005250298,0x398dd75408f2aafada4fc28a36c7d234dae7cbff,DOGECOIN,DOGE,817923290.2137066,120,0xc02aaa39b223fe8d0a0e5c4f27ead9083c756cc2,Wrapped Ether,WETH,294794.58866266353,168239169,0x398dd75408f2aafada4fc28a36c7d234dae7cbff,DOGECOIN,DOGE,817923290.2137066,120,0xc02aaa39b223fe8d0a0e5c4f27ead9083c756cc2,Wrapped Ether,WETH,294794.58866266353,168239169
87,20009425,2024-6-3,0xb8bf5476792cbeee2ee356e4dd8f7b153ee7e759,1814.2873929705488,0.0027001177720732,0.0027001177720732,10.324771831876484,10000.000000000002,105,1814.2873929705488,0.0027001177720732,0x88d0c9fa130bcf5a0431d2ee8ad374f43f82f832,Pepe Bonk,PENK,1814.2873929705488,105,0xc02aaa39b223fe8d0a0e5c4f27ead9083c756cc2,Wrapped Ether,WETH,294794.58866266353,168239169,0x88d0c9fa130bcf5a0431d2ee8ad374f43f82f832,Pepe Bonk,PENK,1814.2873929705488,105,0xc02aaa39b223fe8d0a0e5c4f27ead9083c756cc2,Wrapped Ether,WETH,294794.58866266353,168239169
88,20009396,2024-6-3,0x3d4f8d542405d9d6a5752eadb6f7e0c6fbdf60b3,5010646366.028578,20.027069461660787,40.054138923321574,153176.8322338228,316227.76601683797,71,5010646366.028578,20.027069461660787,0x5e8359f5dd816a8833f990b179f179357b928a61,BOOK OF AI MEOW,BOAM,5010646366.028578,71,0xc02aaa39b223fe8d0a0e5c4f27ead9083c756cc2,Wrapped Ether,WETH,294794.58866266353,168239169,0x5e8359f5dd816a8833f990b179f179357b928a61,BOOK OF AI MEOW,BOAM,5010646366.028578,71,0xc02aaa39b223fe8d0a0e5c4f27ead9083c756cc2,Wrapped Ether,WETH,294794.58866266353,168239169
89,20009389,2024-6-3,0xc6d7881697d24b5f14a5f09f3ef23526b7bd12b8,4.45645e-11,0.0,0.0,3.8e-15,0.0,11,4.45645e-11,0.0,0x697b78aec43a10ed0110e55f8f327c4a26edb30c,Jerryuana,JRYNA,4.45645e-11,11,0xc02aaa39b223fe8d0a0e5c4f27ead9083c756cc2,Wrapped Ether,WETH,294794.58866266353,168239169,0x697b78aec43a10ed0110e55f8f327c4a26edb30c,Jerryuana,JRYNA,4.45645e-11,11,0xc02aaa39b223fe8d0a0e5c4f27ead9083c756cc2,Wrapped Ether,WETH,294794.58866266353,168239169
90,20009351,2024-6-3,0x9a27fbec70652cd3ca0f34034ce7da23eaba662d,1.000000000000002e+22,1.11e-14,2.23e-14,8.56783e-11,0.3322649545167219,135,1.000000000000002e+22,1.11e-14,0x5d031920049aad6087487ac086b2cfb5515ce913,PEPE6900,PEPE6900,1.000000000000002e+22,135,0xc02aaa39b223fe8d0a0e5c4f27ead9083c756cc2,Wrapped Ether,WETH,294794.58866266353,168239169,0x5d031920049aad6087487ac086b2cfb5515ce913,PEPE6900,PEPE6900,1.000000000000002e+22,135,0xc02aaa39b223fe8d0a0e5c4f27ead9083c756cc2,Wrapped Ether,WETH,294794.58866266353,168239169
91,20009332,2024-6-3,0x9b6488d45c1d3b78587d3dcebcb79c080b89db66,1003885069306765.8,4.958041568e-07,9.916083137e-07,0.0037807742756269,22248.595461286986,29,1003885069306765.8,4.958041568e-07,0x3efea1e5f8bbb0dbcd87e6ca7960cfb7c09d0ae9,Hamster Kombat,HMSTR,1003885069306765.8,29,0xc02aaa39b223fe8d0a0e5c4f27ead9083c756cc2,Wrapped Ether,WETH,294794.58866266353,168239169,0x3efea1e5f8bbb0dbcd87e6ca7960cfb7c09d0ae9,Hamster Kombat,HMSTR,1003885069306765.8,29,0xc02aaa39b223fe8d0a0e5c4f27ead9083c756cc2,Wrapped Ether,WETH,294794.58866266353,168239169
92,20009317,2024-6-3,0x844be448e648fa0a54cd0b69fb913aacb09c62ed,9.56731e-11,0.0,0.0,3.8e-15,0.0,24,9.56731e-11,0.0,0x0355950f91e36b1dcf42360b06486b4e0021351a,Fopeo Frog,FOPEO,9.56731e-11,24,0xc02aaa39b223fe8d0a0e5c4f27ead9083c756cc2,Wrapped Ether,WETH,294794.58866266353,168239169,0x0355950f91e36b1dcf42360b06486b4e0021351a,Fopeo Frog,FOPEO,9.56731e-11,24,0xc02aaa39b223fe8d0a0e5c4f27ead9083c756cc2,Wrapped Ether,WETH,294794.58866266353,168239169
93,20009274,2024-6-3,0x8a94d74dc6a223c1223d6e3f3380d33a375d0f49,186395048817.03647,2.7127418247838984,5.425483649567797,20674.138808328327,21.51271600705034,1137,186395048817.03647,2.7127418247838984,0x66420278a3116c5e8ad8ccfd0f38c65716d0d9bc,BRETT,BRETT,186395048817.03647,1137,0xc02aaa39b223fe8d0a0e5c4f27ead9083c756cc2,Wrapped Ether,WETH,294794.58866266353,168239169,0x66420278a3116c5e8ad8ccfd0f38c65716d0d9bc,BRETT,BRETT,186395048817.03647,1137,0xc02aaa39b223fe8d0a0e5c4f27ead9083c756cc2,Wrapped Ether,WETH,294794.58866266353,168239169
94,20009242,2024-6-3,0xfc3eff335e4938a48696e21ec529f33e5f42b8cf,259627504235.6161,1.3022910427932486,2.604582085586497,9926.793902621268,17.762812277339417,921,259627504235.6161,1.3022910427932486,0x5cf97a0a988b5ff035fea347472b8edbce80cd55,Screaming Eagle,USA,259627504235.6161,921,0xc02aaa39b223fe8d0a0e5c4f27ead9083c756cc2,Wrapped Ether,WETH,294794.58866266353,168239169,0x5cf97a0a988b5ff035fea347472b8edbce80cd55,Screaming Eagle,USA,259627504235.6161,921,0xc02aaa39b223fe8d0a0e5c4f27ead9083c756cc2,Wrapped Ether,WETH,294794.58866266353,168239169
95,20009233,2024-6-3,0xc90dfc5b46c65a9a287f16fd7fbfcae7ae67c34f,0.0,8.842719e-10,0.0,3.8e-15,0.0,43,8.842719e-10,0.0,0xc02aaa39b223fe8d0a0e5c4f27ead9083c756cc2,Wrapped Ether,WETH,294794.58866266353,168239169,0xe2454fdffcbed5115481fcc4d5082549c9e0f4f5,Roaring Kitty GME,GameStop,8.842719e-10,43,0xe2454fdffcbed5115481fcc4d5082549c9e0f4f5,Roaring Kitty GME,GameStop,8.842719e-10,43,0xc02aaa39b223fe8d0a0e5c4f27ead9083c756cc2,Wrapped Ether,WETH,294794.58866266353,168239169
96,20009216,2024-6-3,0x2e5755d1a4fef3175e0559bf587606d12e7eab3c,162509738830.76025,1.9915832587876996,3.983166517575399,15183.616278251651,17.762812277339417,301,162509738830.76025,1.9915832587876996,0x9a0380ab8c367f837b8a88b918fe6f788334cebd,Roaring Pepe,RPEPE,162509738830.76025,301,0xc02aaa39b223fe8d0a0e5c4f27ead9083c756cc2,Wrapped Ether,WETH,294794.58866266353,168239169,0x9a0380ab8c367f837b8a88b918fe6f788334cebd,Roaring Pepe,RPEPE,162509738830.76025,301,0xc02aaa39b223fe8d0a0e5c4f27ead9083c756cc2,Wrapped Ether,WETH,294794.58866266353,168239169
97,20009205,2024-6-3,0xa4a6f279140496ab478292a6cda70af83ef70459,0.0,0.0,0.0,0.0,0.0,0,0.0,0.0,0xc02aaa39b223fe8d0a0e5c4f27ead9083c756cc2,Wrapped Ether,WETH,294794.58866266353,168239169,0xe2760761ec9bffb41df7cdf96578306cb212017c,Rainbow Heads,BOHEDZ,0.0,0,0xe2760761ec9bffb41df7cdf96578306cb212017c,Rainbow Heads,BOHEDZ,0.0,0,0xc02aaa39b223fe8d0a0e5c4f27ead9083c756cc2,Wrapped Ether,WETH,294794.58866266353,168239169
98,20009178,2024-6-3,0xfe5b2f03ffcf03ed47170a341e8a30b672ce6eca,8.038173592449402,13766453320.332748,16.0763471848988,61268.29625016968,10.488088481701514,48,13766453320.332748,8.038173592449402,0xc02aaa39b223fe8d0a0e5c4f27ead9083c756cc2,Wrapped Ether,WETH,294794.58866266353,168239169,0xff209c58b7c7381ae725f80f004c48b8ce94f8ad,PEPEGME,PEPEGME,13766453320.332748,48,0xff209c58b7c7381ae725f80f004c48b8ce94f8ad,PEPEGME,PEPEGME,13766453320.332748,48,0xc02aaa39b223fe8d0a0e5c4f27ead9083c756cc2,Wrapped Ether,WETH,294794.58866266353,168239169
99,20009172,2024-6-3,0x7983dcb2c24063eed94692781c10bcc8850494f7,7.1e-08,1.42e-14,2.85e-14,1.087047e-10,0.0,16,7.1e-08,1.42e-14,0x5fcde1838a5277963523e88b828501f9cc155688,WIFI,WIFI,7.1e-08,16,0xc02aaa39b223fe8d0a0e5c4f27ead9083c756cc2,Wrapped Ether,WETH,294794.58866266353,168239169,0x5fcde1838a5277963523e88b828501f9cc155688,WIFI,WIFI,7.1e-08,16,0xc02aaa39b223fe8d0a0e5c4f27ead9083c756cc2,Wrapped Ether,WETH,294794.58866266353,168239169
